Date,True_Value,Predicted_Value,Absolute_Error
2010-12-09,2850.42,2799.2688,51.151123
2010-12-10,2923.77,2763.9897,159.78027
2010-12-13,2933.41,2787.5725,145.8374
2010-12-14,2939.05,2875.8062,63.243896
2010-12-15,2921.28,2888.8074,32.472656
2010-12-16,2898.81,2872.7607,26.049316
2010-12-17,2911.56,2851.2634,60.29663
2010-12-20,2908.17,2838.0872,70.08276
2010-12-21,2917.2,2804.7563,112.4436
2010-12-22,2893.71,2852.7788,40.931152
2010-12-23,2853.49,2832.758,20.731934
2010-12-24,2876.81,2807.7617,69.04834
2010-12-27,2775.15,2780.5999,5.449951
2010-12-28,2753.03,2739.951,13.079102
2010-12-29,2768.13,2688.1582,79.97168
2010-12-30,2808.93,2700.1453,108.78467
2010-12-31,2855.4,2709.4912,145.90869
2011-01-04,2850.49,2761.3762,89.11377
2011-01-05,2853.88,2816.6946,37.185303
2011-01-06,2868.01,2802.608,65.4021
2011-01-07,2847.3599,2785.0066,62.35327
2011-01-10,2810.76,2800.165,10.594971
2011-01-11,2828.47,2752.405,76.06494
2011-01-12,2837.53,2754.4553,83.07471
2011-01-13,2817.05,2770.047,47.00293
2011-01-14,2780.94,2778.597,2.3430176
2011-01-17,2715.41,2742.616,27.206055
2011-01-18,2759.6,2662.2275,97.37256
2011-01-19,2752.8,2657.3284,95.47168
2011-01-20,2746.18,2708.5664,37.613525
2011-01-21,2736.11,2638.9358,97.17432
2011-01-24,2701.04,2678.0725,22.96753
2011-01-25,2710.74,2664.6826,46.057373
2011-01-26,2753.0,2640.7527,112.247314
2011-01-27,2759.44,2667.264,92.176025
2011-01-28,2790.92,2709.322,81.5979
2011-01-31,2805.05,2715.238,89.81201
2011-02-01,2804.21,2752.4497,51.760254
2011-02-09,2819.0598,2760.264,58.7959
2011-02-10,2835.41,2735.2263,100.18359
2011-02-11,2906.26,2775.878,130.38208
2011-02-14,2934.47,2789.829,144.64087
2011-02-15,2924.19,2864.911,59.279053
2011-02-16,2939.28,2875.4868,63.793213
2011-02-17,2924.23,2887.8901,36.339844
2011-02-18,2932.8198,2888.0674,44.75244
2011-02-21,2944.41,2854.5432,89.8667
2011-02-22,2868.48,2877.2446,8.764648
2011-02-23,2881.54,2817.6182,63.921875
2011-02-24,2890.3198,2812.9282,77.3916
2011-02-25,2906.17,2826.1565,80.01343
2011-02-28,2931.58,2823.8928,107.687256
2011-03-01,2924.96,2851.63,73.33008
2011-03-02,2937.5598,2874.2952,63.26465
2011-03-03,2944.46,2867.5354,76.92456
2011-03-04,3000.43,2862.8608,137.56909
2011-03-07,3001.6199,2892.2104,109.409424
2011-03-08,3012.04,2951.387,60.653076
2011-03-09,2995.77,2952.7231,43.046875
2011-03-10,2966.98,2951.1567,15.823242
2011-03-11,2939.65,2906.2651,33.384766
2011-03-14,2927.98,2878.6306,49.349365
2011-03-15,2934.02,2878.0864,55.933594
2011-03-16,2935.63,2840.9717,94.6582
2011-03-17,2930.6099,2873.609,57.000977
2011-03-18,2927.0698,2845.262,81.80786
2011-03-21,2923.39,2854.2656,69.12427
2011-03-22,2950.42,2855.253,95.16699
2011-03-23,2958.66,2862.0964,96.56348
2011-03-24,2985.0798,2892.4856,92.59424
2011-03-25,3005.78,2896.0344,109.745605
2011-03-28,2994.17,2930.113,64.056885
2011-03-29,2968.18,2945.7256,22.454346
2011-03-30,2961.6301,2921.5964,40.03369
2011-03-31,2967.8499,2906.753,61.096924
2011-04-01,3005.24,2872.7473,132.49268
2011-04-06,3012.29,2903.5676,108.72241
2011-04-07,3031.1,2944.2104,86.88965
2011-04-08,3059.57,2953.1702,106.3999
2011-04-11,3039.1199,2970.9512,68.1687
2011-04-12,3050.4,2974.5488,75.851074
2011-04-13,3058.24,2969.6768,88.56323
2011-04-14,3062.53,2986.404,76.12598
2011-04-15,3067.46,2981.677,85.78296
2011-04-18,3038.8098,2986.8,52.009766
2011-04-19,3019.1199,2994.9402,24.179688
2011-04-20,3035.47,2940.9595,94.5105
2011-04-21,3032.97,2944.7761,88.19385
2011-04-22,3003.6099,2966.3003,37.30957
2011-04-25,2970.28,2951.3755,18.904541
2011-04-26,2961.13,2907.1138,54.016113
2011-04-27,2953.19,2876.1821,77.00781
2011-04-28,2913.56,2864.4312,49.128906
2011-04-29,2933.46,2834.836,98.62402
2011-05-03,2916.97,2850.293,66.677
2011-05-04,2880.13,2870.2444,9.885498
2011-05-05,2881.71,2813.1763,68.53369
2011-05-06,2885.18,2814.316,70.86401
2011-05-09,2891.03,2804.7734,86.25659
2011-05-10,2897.14,2816.3618,80.778076
2011-05-11,2876.45,2835.1064,41.343506
2011-05-12,2871.99,2832.065,39.92505
2011-05-13,2877.0898,2795.7725,81.31738
2011-05-16,2869.23,2818.266,50.963867
2011-05-17,2877.43,2799.1,78.329834
2011-05-18,2884.14,2802.642,81.4978
2011-05-19,2866.76,2819.078,47.68213
2011-05-20,2853.29,2809.9846,43.30542
2011-05-23,2771.75,2806.7996,35.04956
2011-05-24,2771.18,2731.3025,39.87744
2011-05-25,2764.89,2716.8591,48.03076
2011-05-26,2746.84,2694.6006,52.239502
2011-05-27,2728.06,2695.945,32.11499
2011-05-30,2744.93,2673.0894,71.840576
2011-05-31,2744.56,2664.8606,79.69946
2011-06-01,2728.0,2699.5999,28.400146
2011-06-02,2732.43,2699.9158,32.51416
2011-06-03,2745.77,2660.3105,85.45947
2011-06-07,2754.1199,2682.8245,71.29541
2011-06-08,2747.33,2699.6252,47.704834
2011-06-09,2707.74,2706.4714,1.2685547
2011-06-10,2703.42,2665.5444,37.87549
2011-06-13,2735.55,2662.1858,73.36426
2011-06-14,2730.48,2652.8804,77.59961
2011-06-15,2691.94,2687.022,4.9179688
2011-06-16,2675.03,2666.4124,8.617676
2011-06-17,2637.88,2622.825,15.054932
2011-06-20,2648.02,2604.0786,43.941406
2011-06-21,2657.73,2580.9668,76.76318
2011-06-22,2693.42,2608.631,84.78882
2011-06-23,2759.71,2612.7583,146.95166
2011-06-24,2769.04,2651.0034,118.03662
2011-06-27,2763.28,2718.4834,44.79663
2011-06-28,2759.23,2733.6162,25.61377
2011-06-29,2774.37,2728.113,46.25708
2011-06-30,2778.67,2694.979,83.69092
2011-07-01,2813.27,2725.988,87.28198
2011-07-04,2818.14,2726.229,91.91089
2011-07-05,2811.82,2782.6995,29.120605
2011-07-06,2825.1199,2784.9949,40.125
2011-07-07,2807.38,2771.3823,35.99756
2011-07-08,2807.32,2759.885,47.43506
2011-07-11,2783.72,2756.5452,27.174805
2011-07-12,2797.27,2755.887,41.383057
2011-07-13,2811.7,2708.7832,102.91675
2011-07-14,2821.34,2748.12,73.21997
2011-07-15,2826.96,2769.1697,57.790283
2011-07-18,2809.32,2779.068,30.251953
2011-07-19,2817.29,2777.7783,39.51172
2011-07-20,2799.85,2753.3794,46.470703
2011-07-21,2782.17,2749.9414,32.228516
2011-07-22,2759.63,2722.6624,36.96753
2011-07-25,2704.94,2725.3142,20.374268
2011-07-26,2726.8,2650.9905,75.80957
2011-07-27,2712.09,2658.2014,53.88867
2011-07-28,2721.53,2677.7244,43.805664
2011-07-29,2712.89,2662.032,50.85791
2011-08-01,2689.97,2657.5347,32.435303
2011-08-02,2688.07,2658.5403,29.529785
2011-08-03,2698.82,2632.9456,65.87451
2011-08-04,2644.58,2631.9495,12.630615
2011-08-05,2614.19,2642.9841,28.79419
2011-08-08,2537.41,2579.7988,42.388916
2011-08-09,2579.16,2489.464,89.6958
2011-08-10,2582.16,2481.1042,101.055664
2011-08-11,2605.45,2525.0808,80.36914
2011-08-12,2627.1,2549.6484,77.45166
2011-08-15,2636.36,2569.594,66.76611
2011-08-16,2617.17,2600.959,16.210938
2011-08-17,2603.49,2583.6694,19.820557
2011-08-18,2538.27,2572.48,34.20996
2011-08-19,2553.42,2531.2375,22.182373
2011-08-22,2554.18,2497.1997,56.980225
2011-08-23,2569.28,2483.7112,85.56885
2011-08-24,2616.3,2523.387,92.913086
2011-08-25,2616.64,2516.976,99.66382
2011-08-26,2595.47,2595.1558,0.31420898
2011-08-29,2615.14,2588.41,26.72998
2011-08-30,2574.42,2547.222,27.197998
2011-08-31,2584.8,2544.18,40.620117
2011-09-01,2557.31,2538.7842,18.525879
2011-09-02,2510.1,2527.7517,17.651611
2011-09-05,2482.24,2497.8813,15.641357
2011-09-06,2516.75,2446.1782,70.57178
2011-09-07,2524.38,2437.439,86.94092
2011-09-08,2528.42,2488.7502,39.669678
2011-09-09,2477.08,2476.794,0.2861328
2011-09-13,2485.93,2477.2578,8.672119
2011-09-14,2496.57,2441.445,55.125
2011-09-15,2499.48,2454.413,45.066895
2011-09-16,2469.6,2453.7214,15.878662
2011-09-19,2460.03,2460.039,0.009033203
2011-09-20,2517.67,2412.2483,105.42163
2011-09-21,2499.98,2422.193,77.786865
2011-09-22,2440.75,2494.2969,53.546875
2011-09-23,2441.73,2423.123,18.606934
2011-09-26,2423.91,2405.52,18.389893
2011-09-27,2430.27,2366.8447,63.425293
2011-09-28,2387.54,2393.9487,6.4086914
2011-09-29,2377.54,2374.8257,2.7143555
2011-09-30,2368.15,2345.5923,22.557617
2011-10-10,2412.3801,2339.3962,72.98389
2011-10-11,2421.69,2325.0283,96.66162
2011-10-12,2439.64,2344.6992,94.940674
2011-10-13,2437.59,2412.2126,25.377441
2011-10-14,2452.99,2429.7683,23.22168
2011-10-17,2425.65,2413.3945,12.255371
2011-10-18,2401.69,2422.0225,20.33252
2011-10-19,2368.64,2362.873,5.7668457
2011-10-20,2340.32,2358.6128,18.292725
2011-10-21,2371.09,2309.7585,61.331543
2011-10-24,2414.05,2296.4463,117.60376
2011-10-25,2448.98,2353.375,95.60498
2011-10-26,2449.7,2398.485,51.214844
2011-10-27,2483.76,2421.4011,62.358887
2011-10-28,2478.31,2428.0496,50.260498
2011-10-31,2491.3599,2473.791,17.568848
2011-11-01,2505.1199,2459.9575,45.162354
2011-11-02,2535.24,2455.6294,79.610596
2011-11-03,2536.78,2483.4094,53.370605
2011-11-04,2536.18,2501.7297,34.450195
2011-11-07,2524.82,2519.789,5.031006
2011-11-08,2527.7,2492.7808,34.91919
2011-11-09,2507.45,2484.4553,22.994629
2011-11-10,2496.53,2502.9846,6.45459
2011-11-11,2529.63,2454.961,74.668945
2011-11-14,2534.06,2456.532,77.528076
2011-11-15,2529.46,2510.078,19.38208
2011-11-16,2482.53,2510.8645,28.334473
2011-11-17,2448.51,2449.416,0.90600586
2011-11-18,2419.24,2442.7002,23.460205
2011-11-21,2414.8499,2392.8662,21.983643
2011-11-22,2418.56,2387.5527,31.007324
2011-11-23,2409.72,2382.6746,27.04541
2011-11-24,2403.94,2369.799,34.14087
2011-11-25,2396.83,2371.975,24.85498
2011-11-28,2413.33,2356.6008,56.729248
2011-11-29,2407.33,2362.4297,44.90039
2011-11-30,2423.56,2397.045,26.515137
2011-12-01,2378.3,2318.4695,59.830566
2011-12-02,2363.13,2393.4204,30.290527
2011-12-05,2331.8901,2352.2065,20.316406
2011-12-06,2339.85,2318.3586,21.491455
2011-12-07,2346.65,2305.1208,41.529053
2011-12-08,2331.26,2311.9229,19.337158
2011-12-09,2315.81,2310.0784,5.7316895
2011-12-12,2285.81,2293.7627,7.9526367
2011-12-13,2256.74,2270.648,13.907959
2011-12-14,2216.91,2230.2231,13.313232
2011-12-15,2225.54,2210.6467,14.893311
2011-12-16,2221.45,2163.0476,58.402344
2011-12-19,2239.86,2209.8218,30.03833
2011-12-20,2237.47,2197.248,40.221924
2011-12-21,2201.59,2200.1504,1.4396973
2011-12-22,2219.79,2181.2612,38.52881
2011-12-23,2213.45,2172.043,41.406982
2011-12-26,2196.97,2192.8367,4.133301
2011-12-27,2170.67,2176.154,5.484131
2011-12-28,2181.96,2152.1726,29.787354
2011-12-29,2200.99,2152.4312,48.558838
2011-12-30,2217.52,2156.5837,60.93628
2012-01-04,2183.4,2187.8313,4.4313965
2012-01-05,2164.32,2160.9263,3.3937988
2012-01-06,2226.22,2140.0613,86.15869
2012-01-09,2288.6301,2151.8364,136.7937
2012-01-10,2290.64,2219.267,71.3728
2012-01-11,2295.22,2287.5825,7.637451
2012-01-12,2281.53,2274.321,7.2089844
2012-01-13,2241.26,2269.7417,28.48169
2012-01-16,2298.3801,2235.1492,63.230957
2012-01-17,2311.58,2189.8394,121.74072
2012-01-18,2305.71,2288.3208,17.38916
2012-01-19,2322.89,2260.9277,61.96216
2012-01-20,2324.49,2289.763,34.72705
2012-01-30,2296.38,2312.4622,16.082275
2012-01-31,2305.86,2275.0796,30.780518
2012-02-01,2312.56,2278.7063,33.85376
2012-02-02,2336.27,2254.339,81.93091
2012-02-03,2341.58,2301.8682,39.711914
2012-02-06,2319.71,2321.7302,2.0202637
2012-02-07,2350.97,2322.8953,28.074707
2012-02-08,2363.6099,2276.4045,87.20532
2012-02-09,2368.98,2337.0725,31.90747
2012-02-10,2365.34,2343.3723,21.967773
2012-02-13,2352.47,2345.4333,7.036621
2012-02-14,2374.28,2339.753,34.5271
2012-02-15,2373.8,2329.31,44.48999
2012-02-16,2372.51,2355.2195,17.290527
2012-02-17,2388.01,2345.937,42.072998
2012-02-20,2382.15,2345.1558,36.99414
2012-02-21,2404.44,2359.9915,44.448486
2012-02-22,2416.81,2372.3938,44.41626
2012-02-23,2439.98,2398.5867,41.39331
2012-02-24,2478.38,2404.9827,73.39722
2012-02-27,2458.65,2436.5806,22.069336
2012-02-28,2453.07,2453.0193,0.05078125
2012-02-29,2437.87,2446.814,8.943848
2012-03-01,2461.1199,2415.6497,45.470215
2012-03-02,2469.84,2406.206,63.634033
2012-03-05,2442.0,2445.0813,3.0812988
2012-03-06,2413.7,2435.1465,21.446533
2012-03-07,2426.7,2398.5552,28.144775
2012-03-08,2440.51,2378.9414,61.568604
2012-03-09,2440.8599,2407.731,33.128906
2012-03-12,2457.22,2428.7441,28.47583
2012-03-13,2476.22,2424.3403,51.87964
2012-03-14,2403.74,2443.9868,40.246826
2012-03-15,2406.15,2394.2139,11.936035
2012-03-16,2412.34,2369.3503,42.989746
2012-03-19,2407.54,2395.169,12.371094
2012-03-20,2396.72,2397.3308,0.61083984
2012-03-21,2386.1,2362.9827,23.117432
2012-03-22,2371.26,2366.416,4.843994
2012-03-23,2358.0,2361.1157,3.1157227
2012-03-26,2363.77,2332.2275,31.54248
2012-03-27,2341.42,2330.5964,10.823486
2012-03-28,2280.96,2331.9893,51.029297
2012-03-29,2266.21,2271.6008,5.390869
2012-03-30,2303.82,2237.1877,66.632324
2012-04-05,2309.64,2248.053,61.586914
2012-04-06,2304.65,2290.8518,13.798096
2012-04-09,2306.39,2295.767,10.622803
2012-04-10,2319.05,2271.8489,47.20117
2012-04-11,2351.06,2290.06,61.0
2012-04-12,2369.7,2292.7153,76.98462
2012-04-13,2364.11,2342.1973,21.912842
2012-04-16,2363.01,2355.0867,7.92334
2012-04-17,2383.64,2346.707,36.93286
2012-04-18,2386.98,2323.691,63.289062
2012-04-19,2407.29,2374.4019,32.888184
2012-04-20,2411.51,2371.887,39.623047
2012-04-23,2415.75,2400.4373,15.312744
2012-04-24,2411.42,2383.4116,28.0083
2012-04-25,2414.75,2382.7417,32.0083
2012-04-26,2408.42,2399.4504,8.969482
2012-04-27,2446.35,2396.2854,50.064697
2012-05-02,2441.95,2383.4858,58.46411
2012-05-03,2453.73,2435.9045,17.82544
2012-05-04,2451.95,2432.4897,19.460205
2012-05-07,2451.6,2440.533,11.067139
2012-05-08,2432.47,2438.1404,5.67041
2012-05-09,2419.1199,2433.3718,14.251953
2012-05-10,2415.98,2389.8503,26.129639
2012-05-11,2411.27,2390.8916,20.378418
2012-05-14,2376.59,2376.1658,0.4243164
2012-05-15,2372.03,2368.8364,3.1936035
2012-05-16,2383.31,2357.3545,25.955566
2012-05-17,2369.6,2328.8713,40.72876
2012-05-18,2360.39,2364.6714,4.281494
2012-05-21,2374.06,2328.8735,45.186523
2012-05-22,2378.08,2332.8213,45.25879
2012-05-23,2373.06,2361.7163,11.34375
2012-05-24,2355.81,2352.6438,3.1662598
2012-05-25,2361.74,2339.6426,22.097412
2012-05-28,2393.28,2320.3108,72.96924
2012-05-29,2391.69,2347.657,44.03296
2012-05-30,2382.99,2383.771,0.78100586
2012-05-31,2388.09,2375.3884,12.70166
2012-06-01,2348.2,2356.7827,8.582764
2012-06-04,2323.3,2359.6367,36.33667
2012-06-05,2323.11,2291.2114,31.898682
2012-06-06,2328.67,2295.565,33.10498
2012-06-07,2306.88,2294.1155,12.764404
2012-06-08,2311.77,2282.0503,29.719727
2012-06-11,2298.95,2273.3196,25.630371
2012-06-12,2319.71,2296.9348,22.775146
2012-06-13,2314.59,2275.6401,38.94995
2012-06-14,2314.24,2308.4421,5.7978516
2012-06-15,2325.05,2283.8147,41.23535
2012-06-18,2313.46,2295.4966,17.963379
2012-06-19,2304.46,2306.257,1.7971191
2012-06-20,2288.45,2288.2246,0.2253418
2012-06-21,2253.51,2278.7432,25.233154
2012-06-25,2229.24,2245.077,15.836914
2012-06-26,2233.54,2207.8936,25.646484
2012-06-27,2224.16,2204.044,20.115967
2012-06-28,2226.49,2201.7554,24.73462
2012-06-29,2234.87,2184.0107,50.859375
2012-07-02,2244.83,2214.938,29.89209
2012-07-03,2239.27,2218.7083,20.561768
2012-07-04,2218.22,2223.0757,4.855713
2012-07-05,2227.47,2219.5525,7.9174805
2012-07-06,2216.7,2188.2717,28.428223
2012-07-09,2178.2,2214.3726,36.172607
2012-07-10,2176.49,2160.1465,16.343506
2012-07-11,2197.04,2152.4927,44.547363
2012-07-12,2198.66,2163.279,35.38086
2012-07-13,2188.06,2178.5386,9.521484
2012-07-16,2165.34,2177.7634,12.42334
2012-07-17,2170.3,2139.9788,30.32129
2012-07-18,2197.79,2151.2964,46.493652
2012-07-19,2185.73,2158.3643,27.365723
2012-07-20,2154.17,2178.4785,24.308594
2012-07-23,2158.95,2159.2197,0.2697754
2012-07-24,2151.45,2125.9526,25.497314
2012-07-25,2147.66,2132.229,15.430908
2012-07-26,2139.15,2121.914,17.23584
2012-07-27,2137.74,2114.6162,23.12378
2012-07-30,2116.9,2120.0168,3.1169434
2012-07-31,2130.71,2100.5486,30.161377
2012-08-01,2126.46,2094.2173,32.242676
2012-08-02,2133.27,2115.211,18.059082
2012-08-03,2158.68,2100.7107,57.96924
2012-08-06,2159.68,2123.78,35.899902
2012-08-07,2168.73,2149.6606,19.069336
2012-08-08,2175.55,2152.7888,22.76123
2012-08-09,2176.8,2156.9348,19.865234
2012-08-10,2164.04,2168.9175,4.8774414
2012-08-13,2144.01,2162.3342,18.324219
2012-08-14,2139.1401,2127.3782,11.761963
2012-08-15,2122.68,2132.5962,9.91626
2012-08-16,2120.71,2106.0608,14.64917
2012-08-17,2110.78,2098.3293,12.450684
2012-08-20,2124.2,2101.0847,23.115234
2012-08-21,2121.15,2089.9167,31.233154
2012-08-22,2118.74,2107.086,11.654053
2012-08-23,2109.82,2097.122,12.697998
2012-08-24,2085.37,2103.558,18.187988
2012-08-27,2083.96,2081.2769,2.6831055
2012-08-28,2073.95,2043.7336,30.216309
2012-08-29,2060.19,2062.46,2.2700195
2012-08-30,2059.3,2041.3604,17.939697
2012-08-31,2066.78,2040.6407,26.139282
2012-09-03,2063.82,2034.8744,28.945679
2012-09-04,2048.32,2049.456,1.1359863
2012-09-05,2052.95,2034.9603,17.989624
2012-09-06,2145.0,2028.3158,116.684204
2012-09-07,2140.17,2042.7875,97.38245
2012-09-10,2127.52,2141.1548,13.634766
2012-09-11,2137.89,2144.236,6.3461914
2012-09-12,2130.08,2118.134,11.946045
2012-09-13,2136.23,2124.1387,12.091309
2012-09-14,2121.58,2105.4993,16.08081
2012-09-17,2074.76,2124.939,50.178955
2012-09-18,2069.95,2073.615,3.665039
2012-09-19,2060.31,2047.3577,12.952393
2012-09-20,2041.95,2055.6887,13.73877
2012-09-21,2040.85,2015.4495,25.400513
2012-09-24,2039.1,2018.1757,20.924316
2012-09-25,2033.04,2021.7579,11.2821045
2012-09-26,2068.07,2017.9625,50.107544
2012-09-27,2089.6301,1995.4603,94.1698
2012-09-28,2096.26,2052.595,43.66504
2012-10-08,2119.34,2083.142,36.197998
2012-10-09,2121.99,2067.1301,54.859863
2012-10-10,2117.84,2116.1565,1.6835938
2012-10-11,2127.31,2117.119,10.191162
2012-10-12,2107.2,2096.304,10.895996
2012-10-15,2111.78,2099.4763,12.303711
2012-10-16,2113.16,2088.444,24.71582
2012-10-17,2137.69,2089.3953,48.294678
2012-10-18,2136.87,2097.1177,39.75244
2012-10-19,2138.03,2129.6382,8.391846
2012-10-22,2136.22,2123.3901,12.829834
2012-10-23,2124.0,2123.417,0.5830078
2012-10-24,2128.74,2105.686,23.053955
2012-10-25,2102.16,2106.2676,4.107666
2012-10-26,2068.24,2094.6367,26.396729
2012-10-29,2075.91,2057.4094,18.500488
2012-10-30,2070.48,2046.6947,23.785278
2012-10-31,2109.5,2052.257,57.24292
2012-11-01,2119.22,2058.5427,60.677246
2012-11-02,2123.33,2101.4436,21.886475
2012-11-05,2114.79,2113.503,1.2871094
2012-11-06,2112.6301,2108.1433,4.4868164
2012-11-07,2092.57,2095.9214,3.3513184
2012-11-08,2077.23,2094.4048,17.174805
2012-11-09,2079.57,2056.8535,22.716553
2012-11-12,2078.1301,2054.3022,23.82788
2012-11-13,2056.49,2066.1768,9.686768
2012-11-14,2053.56,2036.0131,17.546997
2012-11-15,2028.69,2042.1794,13.489502
2012-11-16,2018.38,2018.2229,0.15710449
2012-11-19,2023.61,2002.791,20.81897
2012-11-20,2031.15,2003.9316,27.218384
2012-11-21,2023.09,1998.5751,24.514893
2012-11-22,2034.88,2018.9375,15.942505
2012-11-23,2027.27,2003.4232,23.846802
2012-11-26,2014.21,2018.0654,3.8554688
2012-11-27,1984.86,2007.5957,22.735718
2012-11-28,1980.56,1983.4171,2.8570557
2012-11-29,1983.42,1964.8818,18.538208
2012-11-30,1988.19,1956.7051,31.484863
2012-12-03,1980.12,1973.1681,6.9519043
2012-12-04,2040.6,1956.5804,84.01953
2012-12-05,2036.61,1970.5145,66.09546
2012-12-06,2065.75,2035.4579,30.292114
2012-12-07,2087.01,2027.545,59.464966
2012-12-10,2088.64,2065.5427,23.097168
2012-12-11,2085.93,2090.095,4.165039
2012-12-12,2081.36,2074.854,6.5061035
2012-12-13,2152.5,2078.2783,74.22168
2012-12-14,2169.57,2052.4924,117.07764
2012-12-17,2183.71,2159.298,24.411865
2012-12-18,2175.4,2172.559,2.8408203
2012-12-19,2174.82,2171.053,3.7670898
2012-12-20,2190.4,2163.5432,26.85669
2012-12-21,2170.39,2165.1934,5.196533
2012-12-24,2220.26,2152.7532,67.506836
2012-12-25,2220.48,2155.9048,64.575195
2012-12-26,2234.72,2218.62,16.099854
2012-12-27,2234.87,2222.3364,12.533691
2012-12-28,2269.51,2210.46,59.05005
2012-12-31,2296.11,2235.7312,60.378906
2013-01-04,2293.32,2274.0605,19.259521
2013-01-07,2289.14,2285.6858,3.4541016
2013-01-08,2283.9,2287.5012,3.6013184
2013-01-09,2295.48,2275.3982,20.081787
2013-01-10,2290.21,2272.1436,18.066406
2013-01-11,2317.62,2280.671,36.94922
2013-01-14,2332.78,2240.0596,92.72046
2013-01-15,2326.76,2312.739,14.020996
2013-01-16,2305.6,2332.8767,27.276611
2013-01-17,2324.51,2311.161,13.349121
2013-01-18,2329.58,2278.948,50.63208
2013-01-21,2335.81,2313.5938,22.216309
2013-01-22,2325.1199,2325.6797,0.55981445
2013-01-23,2362.94,2313.9543,48.985596
2013-01-24,2308.38,2313.6377,5.2578125
2013-01-25,2346.92,2305.353,41.566895
2013-01-28,2363.8,2285.4373,78.36279
2013-01-29,2383.76,2345.2292,38.53076
2013-01-30,2391.82,2360.193,31.626953
2013-01-31,2421.15,2382.8533,38.29663
2013-02-01,2440.3801,2383.0815,57.298584
2013-02-04,2437.42,2414.2356,23.184326
2013-02-05,2441.73,2430.5688,11.161133
2013-02-06,2433.89,2426.6,7.289795
2013-02-07,2443.03,2423.3013,19.72876
2013-02-08,2444.8,2403.3274,41.472656
2013-02-18,2427.08,2417.614,9.466064
2013-02-19,2397.94,2410.6282,12.688232
2013-02-20,2378.82,2372.5103,6.3098145
2013-02-21,2330.8801,2384.4788,53.598633
2013-02-22,2338.78,2314.1948,24.585205
2013-02-25,2340.71,2300.3599,40.350098
2013-02-26,2324.63,2314.0383,10.591553
2013-02-27,2366.16,2287.2036,78.9563
2013-02-28,2369.65,2308.056,61.593994
2013-03-01,2333.54,2365.4336,31.893555
2013-03-04,2328.14,2356.334,28.194092
2013-03-05,2351.44,2267.5278,83.91211
2013-03-06,2352.02,2320.5781,31.441895
2013-03-07,2333.67,2346.1235,12.453613
2013-03-08,2320.96,2321.4292,0.46923828
2013-03-11,2333.29,2311.0095,22.280518
2013-03-12,2286.33,2296.8113,10.481201
2013-03-13,2276.22,2278.1526,1.9326172
2013-03-14,2312.08,2252.4998,59.580322
2013-03-15,2276.05,2256.9495,19.100586
2013-03-18,2261.31,2274.5042,13.194092
2013-03-19,2317.86,2232.9412,84.918945
2013-03-20,2330.81,2249.7676,81.04248
2013-03-21,2332.0,2317.963,14.037109
2013-03-22,2344.8901,2325.782,19.108154
2013-03-25,2319.99,2324.0247,4.034668
2013-03-26,2323.48,2322.101,1.3789062
2013-03-27,2273.55,2288.4646,14.914551
2013-03-28,2246.87,2294.1921,47.32202
2013-03-29,2243.95,2226.3228,17.627197
2013-04-01,2253.42,2225.5508,27.86914
2013-04-02,2241.34,2222.2825,19.057617
2013-04-03,2212.59,2220.4749,7.8847656
2013-04-08,2234.73,2219.0918,15.638184
2013-04-09,2233.04,2197.129,35.911133
2013-04-10,2242.48,2217.538,24.941895
2013-04-11,2226.26,2218.1853,8.074707
2013-04-12,2204.99,2213.7112,8.721191
2013-04-15,2196.43,2198.6653,2.2353516
2013-04-16,2197.51,2171.305,26.205078
2013-04-17,2206.03,2183.8699,22.160156
2013-04-18,2250.11,2182.6055,67.50464
2013-04-19,2245.12,2185.9658,59.154297
2013-04-22,2242.62,2244.3777,1.7575684
2013-04-23,2226.12,2239.3516,13.231445
2013-04-24,2224.6301,2180.0876,44.54248
2013-04-25,2210.58,2215.482,4.9018555
2013-04-26,2179.65,2196.0505,16.400635
2013-05-02,2222.81,2172.5796,50.23047
2013-05-03,2236.07,2164.206,71.86401
2013-05-06,2240.26,2203.8289,36.431152
2013-05-07,2255.21,2233.5085,21.701416
2013-05-08,2247.86,2234.525,13.335205
2013-05-09,2247.67,2246.4175,1.2524414
2013-05-10,2250.85,2231.4868,19.363281
2013-05-13,2239.93,2242.4219,2.4919434
2013-05-14,2225.19,2235.8276,10.637695
2013-05-15,2252.87,2207.9104,44.959717
2013-05-16,2288.09,2214.901,73.18921
2013-05-17,2309.39,2247.8513,61.538574
2013-05-20,2305.3,2284.8992,20.400879
2013-05-21,2314.18,2307.9502,6.2297363
2013-05-22,2304.95,2307.9963,3.0463867
2013-05-23,2292.6,2303.208,10.60791
2013-05-24,2301.7,2273.4631,28.236816
2013-05-27,2322.1,2283.3281,38.771973
2013-05-28,2334.34,2288.7896,45.550537
2013-05-29,2325.72,2320.072,5.647949
2013-05-30,2325.53,2324.8984,0.6315918
2013-05-31,2313.43,2314.0042,0.57421875
2013-06-03,2297.1,2296.4546,0.6455078
2013-06-04,2276.87,2293.6592,16.789062
2013-06-05,2266.69,2264.632,2.0578613
2013-06-06,2250.63,2259.25,8.620117
2013-06-07,2190.1,2229.7566,39.656494
2013-06-13,2163.85,2201.9758,38.125732
2013-06-14,2169.36,2134.0188,35.34131
2013-06-17,2161.68,2150.066,11.614014
2013-06-18,2150.82,2147.3828,3.4372559
2013-06-19,2132.81,2149.9836,17.173584
2013-06-20,2085.86,2130.6028,44.742676
2013-06-21,2068.86,2071.5247,2.6645508
2013-06-24,1963.57,2057.5605,93.9906
2013-06-25,1959.16,1966.4333,7.2733154
2013-06-26,1980.54,1951.6991,28.840942
2013-06-27,1987.98,1945.055,42.924927
2013-06-28,1995.92,1952.4836,43.4364
2013-07-01,2007.62,1978.1136,29.506348
2013-07-02,1996.54,1989.492,7.0480957
2013-07-03,2022.14,2002.0497,20.090332
2013-07-04,2021.54,1988.0234,33.5166
2013-07-05,1983.22,2002.0748,18.854858
2013-07-08,1969.15,2006.0667,36.916626
2013-07-09,2009.36,1954.2633,55.09668
2013-07-10,2092.87,1958.4824,134.3877
2013-07-11,2074.86,2003.058,71.802124
2013-07-12,2076.67,2089.6626,12.992676
2013-07-15,2066.36,2048.682,17.678223
2013-07-16,2075.81,2067.9832,7.8269043
2013-07-17,2043.37,2066.7642,23.394165
2013-07-18,2035.22,2045.4199,10.199951
2013-07-19,2005.47,2020.078,14.608032
2013-07-22,2051.53,1994.9807,56.549316
2013-07-23,2042.77,1999.4619,43.308105
2013-07-24,2045.37,2046.3665,0.99645996
2013-07-25,2021.57,2032.7747,11.204712
2013-07-26,1997.84,2022.1333,24.293335
2013-07-29,2006.23,2006.886,0.65600586
2013-07-30,2015.47,1971.2969,44.173096
2013-07-31,2029.93,1986.7504,43.179688
2013-08-01,2047.08,1993.8695,53.21045
2013-08-02,2050.91,2032.658,18.251953
2013-08-05,2066.74,2035.4418,31.298218
2013-08-06,2069.56,2054.27,15.290039
2013-08-07,2058.56,2063.3647,4.8046875
2013-08-08,2061.71,2049.581,12.128906
2013-08-09,2102.35,2043.9379,58.41223
2013-08-12,2106.4,2052.4988,53.901123
2013-08-13,2122.97,2112.1155,10.854492
2013-08-14,2108.41,2112.9229,4.5129395
2013-08-15,2198.85,2106.1855,92.66455
2013-08-16,2091.13,2083.8784,7.251465
2013-08-19,2098.98,2088.976,10.003906
2013-08-20,2076.32,2092.8496,16.529541
2013-08-21,2083.33,2076.5056,6.824463
2013-08-22,2079.85,2071.2222,8.62793
2013-08-23,2097.34,2064.8667,32.47339
2013-08-26,2105.3801,2057.6091,47.770996
2013-08-27,2113.82,2101.7932,12.026855
2013-08-28,2110.89,2109.79,1.0998535
2013-08-29,2114.39,2109.8003,4.5895996
2013-08-30,2108.68,2103.556,5.1240234
2013-09-02,2123.85,2109.2058,14.644287
2013-09-03,2133.0,2107.213,25.78711
2013-09-04,2127.86,2130.6643,2.8041992
2013-09-05,2143.24,2134.451,8.7890625
2013-09-06,2218.53,2125.7043,92.82568
2013-09-09,2238.55,2145.7302,92.819824
2013-09-10,2258.08,2235.6672,22.412842
2013-09-11,2270.27,2263.352,6.9179688
2013-09-12,2259.42,2266.9165,7.496582
2013-09-13,2248.47,2272.1016,23.631592
2013-09-16,2230.93,2242.3816,11.45166
2013-09-17,2195.9,2235.5544,39.65454
2013-09-18,2223.07,2187.5576,35.51245
2013-09-23,2219.54,2188.143,31.396973
2013-09-24,2217.97,2223.654,5.684082
2013-09-25,2192.23,2212.0735,19.843506
2013-09-26,2165.78,2206.2432,40.463135
2013-09-27,2176.3,2158.844,17.456055
2013-09-30,2200.02,2157.8313,42.18872
2013-10-08,2212.35,2172.7664,39.58374
2013-10-09,2214.59,2199.6992,14.890869
2013-10-10,2228.87,2214.139,14.731201
2013-10-11,2242.98,2197.4827,45.497314
2013-10-14,2240.25,2240.3508,0.10083008
2013-10-15,2228.11,2251.6702,23.560059
2013-10-16,2211.03,2241.9753,30.945312
2013-10-17,2203.29,2196.4587,6.831299
2013-10-18,2230.29,2190.8188,39.47119
2013-10-21,2227.34,2191.8335,35.50659
2013-10-22,2226.85,2233.0872,6.2370605
2013-10-23,2183.41,2216.2056,32.795654
2013-10-24,2170.61,2189.497,18.886963
2013-10-25,2140.96,2162.3323,21.372314
2013-10-28,2163.66,2130.3857,33.27417
2013-10-29,2161.94,2128.8762,33.06372
2013-10-30,2155.51,2130.8706,24.639404
2013-10-31,2157.31,2162.2957,4.9855957
2013-11-01,2160.58,2139.7183,20.861816
2013-11-04,2158.15,2145.75,12.399902
2013-11-05,2166.17,2145.0488,21.121094
2013-11-06,2141.6,2150.2712,8.671143
2013-11-07,2128.58,2136.0776,7.4975586
2013-11-08,2117.28,2122.9448,5.664795
2013-11-11,2127.94,2098.2166,29.723389
2013-11-12,2117.91,2100.3708,17.539062
2013-11-13,2102.38,2121.0598,18.679932
2013-11-14,2153.21,2080.7952,72.414795
2013-11-15,2198.32,2094.8455,103.47461
2013-11-18,2203.3,2143.1853,60.114746
2013-11-19,2207.11,2217.028,9.917969
2013-11-20,2206.53,2206.2363,0.29370117
2013-11-21,2211.07,2214.2166,3.1464844
2013-11-22,2209.15,2207.9875,1.1623535
2013-11-25,2192.58,2195.7625,3.182373
2013-11-26,2207.62,2183.7944,23.825684
2013-11-27,2234.39,2178.5828,55.80713
2013-11-28,2224.94,2200.4163,24.523682
2013-11-29,2231.92,2226.5093,5.4106445
2013-12-02,2227.93,2223.5325,4.397461
2013-12-03,2260.8699,2212.7756,48.09424
2013-12-04,2255.26,2221.2017,34.05835
2013-12-05,2248.15,2256.4739,8.323975
2013-12-06,2249.17,2247.8062,1.3637695
2013-12-09,2250.5,2232.373,18.126953
2013-12-10,2228.63,2232.9695,4.3395996
2013-12-11,2214.55,2234.9932,20.443115
2013-12-12,2204.6401,2198.0364,6.60376
2013-12-13,2201.7,2194.9338,6.7661133
2013-12-16,2165.54,2185.1587,19.618652
2013-12-17,2156.59,2154.8645,1.7255859
2013-12-18,2159.14,2143.8162,15.32373
2013-12-19,2131.74,2138.931,7.190918
2013-12-20,2099.52,2121.0034,21.483398
2013-12-23,2111.81,2080.0652,31.744873
2013-12-24,2107.23,2083.3152,23.914795
2013-12-25,2102.66,2088.8145,13.845459
2013-12-26,2110.36,2101.662,8.697998
2013-12-27,2112.01,2067.1091,44.90088
2013-12-30,2120.27,2098.429,21.841064
2013-12-31,2113.11,2095.6243,17.48584
2014-01-02,2102.17,2113.8562,11.686279
2014-01-03,2078.68,2103.2058,24.525879
2014-01-06,2052.28,2075.3252,23.045166
2014-01-07,2062.95,2037.4735,25.47644
2014-01-08,2057.2,2034.9342,22.265747
2014-01-09,2029.3,2036.4099,7.1098633
2014-01-10,2027.18,2023.9799,3.2001953
2014-01-13,2027.43,2009.3699,18.06018
2014-01-14,2027.41,2005.7655,21.644531
2014-01-15,2034.71,2020.5393,14.170654
2014-01-16,2017.87,2016.3662,1.5037842
2014-01-17,2005.94,2018.8215,12.881592
2014-01-20,2014.15,1999.4365,14.713501
2014-01-21,2052.34,1984.8555,67.48462
2014-01-22,2052.53,2002.5327,49.997314
2014-01-23,2060.99,2053.8562,7.133789
2014-01-24,2044.85,2042.4667,2.3833008
2014-01-27,2047.13,2055.6936,8.563599
2014-01-28,2051.58,2030.2299,21.35022
2014-01-29,2045.93,2034.3743,11.555786
2014-01-30,2044.73,2046.9327,2.2027588
2014-02-07,2087.98,2026.3301,61.649902
2014-02-10,2111.06,2036.2982,74.76184
2014-02-11,2110.9,2092.8723,18.027588
2014-02-12,2122.83,2116.7742,6.055908
2014-02-13,2116.19,2119.791,3.6010742
2014-02-14,2136.45,2109.1406,27.309326
2014-02-17,2134.14,2121.1018,13.038086
2014-02-18,2152.96,2145.8313,7.128662
2014-02-19,2177.98,2128.0396,49.94043
2014-02-20,2132.7,2152.4304,19.730469
2014-02-21,2099.72,2153.8025,54.08252
2014-02-24,2087.62,2115.948,28.32788
2014-02-25,2041.63,2072.3237,30.693726
2014-02-26,2068.31,2036.7844,31.525635
2014-02-27,2058.49,2038.6915,19.798462
2014-02-28,2078.33,2052.4934,25.83667
2014-03-03,2074.03,2056.6106,17.419434
2014-03-04,2074.82,2078.162,3.342041
2014-03-05,2065.79,2071.2776,5.487549
2014-03-06,2079.49,2052.5378,26.952148
2014-03-07,2042.63,2057.9373,15.307251
2014-03-10,2008.07,2058.7532,50.683228
2014-03-11,2011.0599,1999.0645,11.995483
2014-03-12,2029.12,1997.856,31.264038
2014-03-13,2017.91,1994.0443,23.865723
2014-03-14,2024.37,2018.1768,6.1932373
2014-03-17,2034.92,2000.6354,34.284668
2014-03-18,2022.18,2020.83,1.3500977
2014-03-19,2030.85,2026.2784,4.571533
2014-03-20,2052.47,2018.9115,33.55847
2014-03-21,2074.06,1995.7668,78.29321
2014-03-24,2079.55,2054.3413,25.20874
2014-03-25,2074.57,2076.66,2.0898438
2014-03-26,2073.98,2075.2197,1.2397461
2014-03-27,2060.1301,2066.3425,6.2124023
2014-03-28,2048.13,2049.3228,1.1928711
2014-03-31,2050.68,2045.1533,5.5266113
2014-04-01,2060.78,2031.6208,29.15918
2014-04-02,2066.01,2043.348,22.661987
2014-04-03,2060.1,2058.006,2.0939941
2014-04-04,2102.45,2043.5953,58.854614
2014-04-08,2108.75,2055.4568,53.293213
2014-04-09,2146.67,2103.953,42.71704
2014-04-10,2138.65,2109.6602,28.989746
2014-04-11,2134.43,2147.4634,13.033447
2014-04-14,2125.9,2139.1199,13.219971
2014-04-15,2112.05,2131.9194,19.869385
2014-04-16,2110.72,2098.2554,12.4646
2014-04-17,2099.64,2099.3694,0.2705078
2014-04-18,2103.08,2094.168,8.912109
2014-04-21,2073.66,2090.6235,16.963623
2014-04-22,2076.35,2060.4834,15.866699
2014-04-23,2075.76,2067.8088,7.951172
2014-04-24,2065.6401,2060.387,5.253174
2014-04-25,2035.99,2050.8577,14.867676
2014-04-28,2021.68,2033.6113,11.931274
2014-04-29,2029.54,2002.0491,27.490967
2014-04-30,2028.96,2014.5687,14.391235
2014-05-05,2038.71,2020.3667,18.343262
2014-05-06,2024.63,2019.8553,4.774658
2014-05-07,2036.94,2021.8112,15.128784
2014-05-08,2020.45,2004.57,15.880005
2014-05-09,2055.51,2012.019,43.490967
2014-05-12,2061.06,2007.3422,53.717896
2014-05-13,2056.57,2058.1592,1.5891113
2014-05-14,2047.32,2053.546,6.225952
2014-05-15,2027.76,2045.1362,17.37622
2014-05-16,2023.27,2020.0079,3.262085
2014-05-19,2018.16,2018.2181,0.05810547
2014-05-20,2025.19,1997.2366,27.95337
2014-05-21,2041.96,2002.154,39.80591
2014-05-22,2034.57,2015.3197,19.250244
2014-05-23,2045.38,2016.7606,28.619385
2014-05-26,2044.15,2028.4846,15.665405
2014-05-27,2052.66,2038.3424,14.317505
2014-05-28,2057.08,2029.6863,27.393799
2014-05-29,2046.96,2047.6769,0.71691895
2014-05-30,2049.58,2038.7966,10.783447
2014-06-03,2038.48,2035.4319,3.0480957
2014-06-04,2041.7,2034.7764,6.923584
2014-06-05,2041.57,2018.6863,22.883667
2014-06-06,2045.26,2032.8506,12.409424
2014-06-09,2052.77,2021.9017,30.868286
2014-06-10,2056.63,2023.738,32.891846
2014-06-11,2057.11,2048.834,8.276123
2014-06-12,2073.6,2050.447,23.153076
2014-06-13,2087.32,2047.6157,39.704346
2014-06-16,2080.48,2070.7166,9.763428
2014-06-17,2066.91,2087.2283,20.31836
2014-06-18,2059.26,2063.0762,3.816162
2014-06-19,2027.15,2050.5195,23.369507
2014-06-20,2033.32,2020.2511,13.068848
2014-06-23,2034.71,2017.3309,17.379028
2014-06-24,2030.62,2017.0632,13.556763
2014-06-25,2040.75,2027.6324,13.117554
2014-06-26,2043.98,2018.058,25.921997
2014-06-27,2052.34,2034.1392,18.200928
2014-06-30,2052.64,2033.3279,19.312012
2014-07-01,2060.6,2049.0369,11.563232
2014-07-02,2066.64,2051.6523,14.987549
2014-07-03,2065.08,2061.495,3.584961
2014-07-04,2064.04,2065.178,1.1379395
2014-07-07,2064.43,2059.1572,5.272705
2014-07-08,2062.47,2058.3728,4.097168
2014-07-09,2045.53,2061.177,15.646973
2014-07-10,2051.74,2038.0619,13.678101
2014-07-11,2067.34,2037.7898,29.550293
2014-07-14,2070.36,2046.7958,23.564331
2014-07-15,2075.49,2070.0078,5.4821777
2014-07-16,2062.89,2074.7864,11.896484
2014-07-17,2067.23,2071.814,4.5839844
2014-07-18,2061.82,2053.1008,8.719238
2014-07-21,2078.09,2056.0125,22.077637
2014-07-22,2088.19,2050.5652,37.624756
2014-07-23,2107.95,2077.0574,30.892578
2014-07-24,2127.22,2084.5024,42.71753
2014-07-25,2181.5,2117.8232,63.676758
2014-07-28,2193.52,2138.0269,55.493164
2014-07-29,2194.57,2203.8096,9.239502
2014-07-30,2202.13,2205.549,3.4191895
2014-07-31,2218.79,2197.6885,21.101562
2014-08-01,2224.07,2210.9807,13.089355
2014-08-04,2226.84,2196.3848,30.455322
2014-08-05,2223.89,2234.0754,10.185547
2014-08-06,2220.57,2227.996,7.4260254
2014-08-07,2199.58,2221.3438,21.763672
2014-08-08,2225.96,2191.7666,34.19336
2014-08-11,2222.98,2194.8271,28.152832
2014-08-12,2230.99,2229.4568,1.5332031
2014-08-13,2230.89,2226.0476,4.842285
2014-08-14,2230.87,2229.5984,1.2717285
2014-08-15,2242.04,2214.1167,27.92334
2014-08-18,2246.02,2232.6975,13.32251
2014-08-19,2248.94,2247.675,1.2648926
2014-08-20,2240.08,2254.581,14.500977
2014-08-21,2243.3,2246.356,3.0559082
2014-08-22,2241.55,2233.471,8.079102
2014-08-25,2232.79,2244.357,11.566895
2014-08-26,2216.67,2231.8508,15.180908
2014-08-27,2219.47,2209.3896,10.080322
2014-08-28,2218.7,2208.35,10.3498535
2014-08-29,2236.29,2195.9487,40.34131
2014-09-01,2267.51,2215.586,51.924072
2014-09-02,2290.55,2238.5725,51.97754
2014-09-03,2307.7,2280.4011,27.298828
2014-09-04,2327.56,2308.4592,19.10083
2014-09-05,2331.92,2323.4668,8.453125
2014-09-09,2321.91,2341.7202,19.810303
2014-09-10,2343.6,2336.3042,7.2958984
2014-09-11,2331.95,2320.6743,11.275635
2014-09-12,2340.45,2320.8599,19.590088
2014-09-15,2347.94,2335.47,12.469971
2014-09-16,2309.05,2344.118,35.06787
2014-09-17,2319.88,2311.5881,8.291748
2014-09-18,2331.56,2311.8472,19.71289
2014-09-19,2323.55,2314.29,9.26001
2014-09-22,2311.53,2326.446,14.916016
2014-09-23,2345.75,2286.9111,58.838867
2014-09-24,2365.15,2307.1394,58.010498
2014-09-25,2350.11,2348.7893,1.3208008
2014-09-26,2363.06,2357.3384,5.7216797
2014-09-29,2365.49,2350.2058,15.28418
2014-09-30,2382.79,2362.6245,20.165527
2014-10-08,2391.35,2368.1716,23.178467
2014-10-09,2386.28,2387.505,1.2248535
2014-10-10,2366.8599,2395.571,28.711182
2014-10-13,2380.52,2377.591,2.928955
2014-10-14,2374.81,2361.798,13.011963
2014-10-15,2389.68,2356.5884,33.091553
2014-10-16,2360.6,2370.9583,10.358154
2014-10-17,2357.51,2361.3438,3.8337402
2014-10-20,2361.65,2341.5024,20.14746
2014-10-21,2352.1199,2352.856,0.736084
2014-10-22,2329.93,2336.3628,6.4328613
2014-10-23,2314.88,2324.224,9.344238
2014-10-24,2293.64,2300.3345,6.69458
2014-10-27,2338.28,2298.0093,40.270752
2014-10-28,2381.64,2282.3474,99.29248
2014-10-29,2397.26,2340.2534,57.00659
2014-10-30,2423.6,2391.2769,32.323242
2014-10-31,2436.79,2410.7659,26.02417
2014-11-03,2435.22,2439.4277,4.2077637
2014-11-04,2434.36,2443.784,9.423828
2014-11-05,2426.89,2437.8855,10.995605
2014-11-06,2454.42,2420.6333,33.78662
2014-11-07,2474.16,2419.871,54.28882
2014-11-10,2508.6199,2423.6091,85.01074
2014-11-11,2494.92,2483.0398,11.880127
2014-11-12,2507.74,2489.5967,18.14331
2014-11-13,2481.03,2493.114,12.083984
2014-11-14,2508.77,2484.6929,24.077148
2014-11-17,2477.05,2465.5105,11.539551
2014-11-18,2461.49,2468.216,6.726074
2014-11-19,2458.32,2447.013,11.307129
2014-11-20,2488.2,2439.673,48.526855
2014-11-21,2546.75,2438.6309,108.11914
2014-11-24,2568.38,2480.2344,88.14551
2014-11-25,2605.07,2549.073,55.99707
2014-11-26,2631.4,2578.2869,53.113037
2014-11-27,2683.18,2611.858,71.32202
2014-11-28,2720.74,2633.842,86.89795
2014-12-01,2777.3699,2679.7627,97.60718
2014-12-02,2824.18,2676.0613,148.11865
2014-12-03,2900.51,2742.1084,158.40161
2014-12-04,2978.0298,2758.4937,219.53613
2014-12-05,3041.66,2854.0986,187.56128
2014-12-08,3091.32,2877.2617,214.05835
2014-12-09,2946.71,2930.6323,16.077637
2014-12-10,2965.68,2773.5962,192.08374
2014-12-11,2962.51,2839.545,122.96509
2014-12-12,2960.23,2832.6816,127.54834
2014-12-15,3021.9,2853.5903,168.30957
2014-12-16,3076.5999,2870.1802,206.41968
2014-12-17,3089.79,2939.0325,150.75757
2014-12-18,3117.53,2977.8025,139.72754
2014-12-19,3189.8699,2977.079,212.79077
2014-12-22,3136.84,3014.8792,121.96094
2014-12-23,3050.51,3033.796,16.714111
2014-12-24,3073.3499,2947.9275,125.42236
2014-12-25,3164.16,2891.749,272.4109
2014-12-26,3223.86,2983.8044,240.05566
2014-12-29,3190.3,3070.0786,120.221436
2014-12-30,3239.3599,3091.6404,147.71948
2014-12-31,3369.28,3083.3535,285.9265
2015-01-05,3394.22,3138.6477,255.57227
2015-01-06,3374.9,3238.1375,136.76245
2015-01-07,3381.5698,3242.28,139.2898
2015-01-08,3404.8298,3256.1958,148.63403
2015-01-09,3275.19,3195.8518,79.338135
2015-01-12,3259.39,3195.085,64.30493
2015-01-13,3268.48,3138.9583,129.52173
2015-01-14,3337.08,3139.643,197.43701
2015-01-15,3400.32,3133.2861,267.03394
2015-01-16,3262.21,3233.3057,28.904297
2015-01-19,3190.25,3290.4355,100.18555
2015-01-20,3337.0,3035.081,301.91895
2015-01-21,3352.38,3074.922,277.45776
2015-01-22,3406.79,3211.6135,195.17651
2015-01-23,3384.8,3243.4358,141.36426
2015-01-26,3390.22,3259.6548,130.56519
2015-01-27,3354.8,3282.4746,72.32544
2015-01-28,3286.79,3256.719,30.071045
2015-01-29,3288.5,3212.774,75.726074
2015-01-30,3175.13,3162.3906,12.739258
2015-02-02,3207.94,3123.1938,84.74609
2015-02-03,3238.98,3039.123,199.85693
2015-02-04,3251.21,3110.2822,140.92773
2015-02-05,3129.54,3102.633,26.906982
2015-02-06,3119.03,3088.4092,30.62085
2015-02-09,3142.0999,3016.9495,125.15039
2015-02-10,3166.42,3021.0923,145.32764
2015-02-11,3181.77,3060.1536,121.616455
2015-02-12,3237.16,3080.1877,156.97217
2015-02-13,3228.8499,3097.6387,131.21118
2015-02-16,3255.73,3140.0967,115.6333
2015-02-17,3257.22,3158.7676,98.45239
2015-02-25,3300.6199,3180.9485,119.67139
2015-02-26,3324.55,3165.0679,159.48218
2015-02-27,3336.76,3219.624,117.13599
2015-03-02,3317.7,3238.3452,79.35474
2015-03-03,3286.5898,3260.7349,25.85498
2015-03-04,3266.64,3191.442,75.198
2015-03-05,3266.93,3191.7202,75.20972
2015-03-06,3307.7,3158.1865,149.51343
2015-03-09,3309.92,3151.0063,158.91357
2015-03-10,3325.05,3198.7742,126.27588
2015-03-11,3360.0498,3194.2258,165.82397
2015-03-12,3391.26,3203.66,187.6001
2015-03-13,3449.31,3259.669,189.64111
2015-03-16,3504.1199,3287.7822,216.33765
2015-03-17,3577.66,3347.6768,229.98315
2015-03-18,3600.68,3383.103,217.5769
2015-03-19,3632.3398,3426.6023,205.73755
2015-03-20,3688.25,3422.8887,265.36133
2015-03-23,3715.8699,3437.3677,278.5022
2015-03-24,3693.15,3484.8835,208.26636
2015-03-25,3707.32,3467.2488,240.07129
2015-03-26,3710.48,3452.4792,258.00073
2015-03-27,3795.94,3474.4526,321.4873
2015-03-30,3835.57,3507.3987,328.1714
2015-03-31,3817.0798,3569.8096,247.27026
2015-04-01,3835.45,3548.8806,286.56934
2015-04-02,3864.41,3601.194,263.21582
2015-04-03,3961.6702,3619.3474,342.32275
2015-04-07,4000.2202,3645.3782,354.84204
2015-04-08,4016.4,3699.0771,317.32275
2015-04-09,4040.35,3693.7642,346.58594
2015-04-10,4128.07,3661.965,466.10474
2015-04-13,4168.35,3731.08,437.27002
2015-04-14,4175.4897,3789.0254,386.46436
2015-04-15,4195.3096,3797.2083,398.10132
2015-04-16,4317.2197,3779.4133,537.8064
2015-04-17,4356.0,3851.5474,504.45264
2015-04-20,4294.38,3883.7983,410.58154
2015-04-21,4400.19,3767.2915,632.89844
2015-04-22,4444.4097,3839.2686,605.1411
2015-04-23,4416.38,3885.9368,530.4431
2015-04-24,4529.74,3902.5864,627.1538
2015-04-27,4572.39,3902.9766,669.4136
2015-04-28,4499.9497,3969.815,530.13477
2015-04-29,4507.34,3929.4983,577.84155
2015-04-30,4487.57,3997.0586,490.51123
2015-05-04,4488.87,4019.561,469.30908
2015-05-05,4376.3496,4068.5225,307.82715
2015-05-06,4213.76,3981.0017,232.75806
2015-05-07,4206.86,3958.3958,248.46411
2015-05-08,4334.88,3921.292,413.5879
2015-05-11,4402.31,3986.8086,415.50146
2015-05-12,4415.63,4044.5076,371.1223
2015-05-13,4397.75,4058.5688,339.18115
2015-05-14,4366.82,4034.9487,331.8711
2015-05-15,4324.8296,4052.392,272.4375
2015-05-18,4418.4,4026.0696,392.33032
2015-05-19,4520.54,4029.998,490.542
2015-05-20,4530.48,4092.2888,438.19116
2015-05-21,4658.27,4093.5593,564.7107
2015-05-22,4814.67,4137.1,677.5698
2015-05-25,4911.69,4125.7676,785.92236
2015-05-26,4958.16,4131.328,826.83203
2015-05-27,4986.5,4125.3896,861.11035
2015-05-28,4698.19,4126.2363,571.9536
2015-05-29,4829.5,3943.3145,886.18555
2015-06-01,4911.57,4001.9575,909.6123
2015-06-02,4942.07,4136.308,805.7617
2015-06-03,4947.9697,4185.0127,762.95703
2015-06-04,5051.63,4191.736,859.89404
2015-06-05,5146.95,4186.983,959.9673
2015-06-08,5147.45,4171.2163,976.2339
2015-06-09,5164.1597,4167.198,996.9614
2015-06-10,5122.46,4189.4834,932.97656
2015-06-11,5178.19,4239.1353,939.0547
2015-06-12,5176.8,4285.0737,891.7261
2015-06-15,5029.68,4304.882,724.79834
2015-06-16,4983.6597,4274.683,708.97656
2015-06-17,4966.77,4246.0703,720.6997
2015-06-18,4744.0796,4308.26,435.81982
2015-06-19,4577.94,4276.744,301.1958
2015-06-23,4691.77,4163.8164,527.9536
2015-06-24,4720.7,4201.981,518.71924
2015-06-25,4456.9,4246.854,210.0459
2015-06-26,4297.48,4159.0874,138.39258
2015-06-29,4279.9697,3965.1562,314.81348
2015-06-30,4317.05,3847.2888,469.761
2015-07-01,4080.39,3915.2397,165.15015
2015-07-02,3927.13,3806.6277,120.5022
2015-07-03,3975.21,3724.649,250.56104
2015-07-06,3750.57,3568.84,181.72998
2015-07-07,3599.25,3610.1887,10.938721
2015-07-08,3748.48,3546.4204,202.05957
2015-07-09,3959.22,3343.7979,615.4221
2015-07-10,4030.2,3479.4548,550.7451
2015-07-13,4035.44,3621.9392,413.50073
2015-07-14,3914.27,3689.5078,224.7622
2015-07-15,3877.51,3653.578,223.93213
2015-07-16,3994.48,3582.104,412.37598
2015-07-17,4021.33,3608.784,412.54614
2015-07-20,4041.82,3719.1675,322.6526
2015-07-21,4042.34,3750.8618,291.47827
2015-07-22,4132.61,3771.0647,361.54517
2015-07-23,4184.45,3776.8945,407.55566
2015-07-24,4051.16,3826.177,224.98291
2015-07-27,3762.53,3778.9424,16.412354
2015-07-28,3792.07,3550.0093,242.06079
2015-07-29,3844.3699,3480.8752,363.49463
2015-07-30,3729.51,3587.3374,142.1726
2015-07-31,3648.94,3551.5928,97.34717
2015-08-03,3757.03,3528.2217,228.80835
2015-08-04,3782.3499,3494.1604,288.18945
2015-08-05,3710.57,3596.765,113.805176
2015-08-06,3756.74,3574.4082,182.33179
2015-08-07,3943.6199,3546.2698,397.3501
2015-08-10,3970.34,3614.5742,355.76587
2015-08-11,3937.77,3732.047,205.7229
2015-08-12,3955.79,3722.552,233.23804
2015-08-13,4000.68,3691.5938,309.08618
2015-08-14,3994.54,3732.6272,261.91284
2015-08-17,4006.3398,3745.7842,260.55566
2015-08-18,3811.43,3760.9941,50.43579
2015-08-19,3788.01,3584.9832,203.02686
2015-08-20,3652.8398,3583.0537,69.78613
2015-08-21,3388.3599,3513.5212,125.16138
2015-08-24,3123.03,3392.1147,269.08472
2015-08-25,3092.0398,3113.3894,21.34961
2015-08-26,3085.42,2866.8645,218.55542
2015-08-27,3235.8398,2854.92,380.91992
2015-08-28,3207.86,2998.745,209.11499
2015-08-31,3180.33,3141.854,38.476074
2015-09-01,3194.49,3115.3774,79.11255
2015-09-02,3217.5798,3064.059,153.52075
2015-09-07,3174.71,3040.644,134.06592
2015-09-08,3256.74,2988.1196,268.62036
2015-09-09,3243.28,3058.4387,184.84131
2015-09-10,3223.76,3148.3545,75.40552
2015-09-11,3229.48,3115.6492,113.83081
2015-09-14,3081.7,3113.7854,32.08545
2015-09-15,3182.93,3048.641,134.28882
2015-09-16,3204.7,2928.1265,276.5735
2015-09-17,3122.05,3054.4714,67.57861
2015-09-18,3159.88,3027.5334,132.34644
2015-09-21,3213.48,3031.3389,182.14111
2015-09-22,3164.0398,3077.6943,86.34546
2015-09-23,3151.17,3119.1182,32.051758
2015-09-24,3149.95,3050.1484,99.80151
2015-09-25,3103.0698,3068.0483,35.021484
2015-09-28,3068.2998,3024.7993,43.50049
2015-09-29,3073.3,3017.1013,56.19873
2015-09-30,3172.28,2953.3984,218.88159
2015-10-08,3192.72,2972.7634,219.95654
2015-10-09,3318.71,3089.9463,228.76367
2015-10-12,3298.6301,3134.9934,163.63672
2015-10-13,3307.32,3232.3843,74.93579
2015-10-14,3338.3,3234.6274,103.67261
2015-10-15,3393.02,3199.4656,193.55444
2015-10-16,3423.4,3253.0952,170.30469
2015-10-19,3425.52,3302.4365,123.083496
2015-10-20,3447.26,3299.7563,147.50366
2015-10-21,3373.78,3321.5374,52.242676
2015-10-22,3422.02,3229.4717,192.54834
2015-10-23,3457.52,3254.212,203.3081
2015-10-26,3441.57,3297.9036,143.6665
2015-10-27,3439.76,3323.93,115.83008
2015-10-28,3411.71,3319.0483,92.66162
2015-10-29,3417.2,3272.59,144.60986
2015-10-30,3391.06,3282.8865,108.173584
2015-11-02,3346.28,3282.681,63.59912
2015-11-03,3459.65,3232.9321,226.71777
2015-11-04,3585.66,3222.5945,363.06543
2015-11-05,3596.3801,3344.7952,251.58496
2015-11-06,3673.76,3399.019,274.74097
2015-11-09,3669.53,3449.0186,220.51147
2015-11-10,3654.8801,3481.4001,173.47998
2015-11-11,3659.31,3472.3777,186.93237
2015-11-12,3632.56,3483.7651,148.79492
2015-11-13,3607.6099,3478.616,128.9939
2015-11-16,3678.27,3440.529,237.74097
2015-11-17,3617.0698,3455.8284,161.24146
2015-11-18,3618.21,3470.132,148.07788
2015-11-19,3640.53,3449.0393,191.49072
2015-11-20,3654.75,3487.7302,167.01978
2015-11-23,3616.48,3508.166,108.313965
2015-11-24,3648.3699,3497.6301,150.73975
2015-11-25,3668.3801,3495.325,173.05518
2015-11-26,3621.9,3521.7651,100.134766
2015-11-27,3470.3699,3519.4556,49.085693
2015-11-30,3483.41,3344.6584,138.75146
2015-12-01,3538.85,3322.5227,216.3274
2015-12-02,3591.73,3334.6692,257.0608
2015-12-03,3568.97,3401.6023,167.36768
2015-12-04,3543.95,3453.207,90.74292
2015-12-07,3518.65,3410.8264,107.82349
2015-12-08,3495.7,3417.8936,77.8064
2015-12-09,3503.65,3363.9497,139.7002
2015-12-10,3455.55,3360.988,94.56201
